Region,Value
vmPOS_left,13.2610883369873
A12_47o_left,19.0742341828688
A39rv_left,10.7338450053548
dmPOS_left,10.633834200254825
A45r_left,9.00374700481532
A13_left,20.1228223553293
A9_46v_left,18.254385642484
A44op_right,18.5926600899201
A40c_left,11.88460075423885
A44d_right,23.8094904923207
A23v_left,11.8287911218329
A8vl_right,26.2935215844211
A11l_left,11.6336639254567
